model,dataset_size,train_size,train_mse,test_mse
log,10000,899,"-0.154616,-0.136819,-0.181313,-0.157953,-0.127920,-0.137931,-0.177976,-0.146830,-0.145717,-0.166852","-0.157842,-0.156843,-0.176823,-0.153000,-0.157000,-0.182000,-0.198000,-0.169169,-0.131131,-0.179179"
log,10000,2924,"-0.148427,-0.158345,-0.151505,-0.149453,-0.141245,-0.146375,-0.147743,-0.153215,-0.150479,-0.137825","-0.150849,-0.149850,-0.150849,-0.139000,-0.143000,-0.171000,-0.169000,-0.162162,-0.125125,-0.158158"
log,10000,4949,"-0.151546,-0.157810,-0.165084,-0.148919,-0.146898,-0.138412,-0.146696,-0.148313,-0.148717,-0.144272","-0.151848,-0.144855,-0.164835,-0.139000,-0.144000,-0.164000,-0.167000,-0.147147,-0.122122,-0.156156"
log,10000,6974,"-0.148552,-0.148122,-0.149269,-0.149125,-0.151563,-0.144680,-0.145110,-0.147691,-0.150703,-0.142673","-0.150849,-0.137862,-0.146853,-0.141000,-0.146000,-0.164000,-0.169000,-0.151151,-0.120120,-0.158158"
log,10000,8999,"-0.147239,-0.150350,-0.147572,-0.149239,-0.149017,-0.146238,-0.146350,-0.147016,-0.151239,-0.145349","-0.152847,-0.135864,-0.146853,-0.144000,-0.145000,-0.165000,-0.165000,-0.150150,-0.122122,-0.160160"
