type,tp,tn,fp,fn,precision,recall,f1
qos,8,3,0,1,1.0,0.8888888888888888,0.9411764705882353
negation,0,154,0,0,0.0,0.0,0.0
path,0,43,0,0,0.0,0.0,0.0
time,0,0,0,0,0.0,0.0,0.0
synonym,0,0,0,0,0.0,0.0,0.0
hierarchy,1,3,0,0,1.0,1.0,1.0
total,9,203,0,1,1.0,0.9,0.9473684210526316
