model,dataset_size,train_size,train_mse,test_mse
log,100,8,"-0.125000,-0.000000,-0.000000,-0.000000,-0.000000,-0.000000,-0.125000,-0.000000,-0.000000,-0.125000","-0.454545,-0.363636,-0.500000,-0.100000,-0.300000,-0.400000,-0.300000,-0.500000,-0.111111,-0.444444"
log,100,28,"-0.071429,-0.035714,-0.107143,-0.071429,-0.107143,-0.071429,-0.142857,-0.035714,-0.071429,-0.107143","-0.090909,-0.181818,-0.400000,-0.000000,-0.100000,-0.200000,-0.200000,-0.300000,-0.111111,-0.333333"
log,100,48,"-0.083333,-0.062500,-0.145833,-0.083333,-0.083333,-0.041667,-0.083333,-0.020833,-0.166667,-0.104167","-0.090909,-0.181818,-0.300000,-0.000000,-0.100000,-0.200000,-0.200000,-0.200000,-0.111111,-0.333333"
log,100,68,"-0.117647,-0.073529,-0.102941,-0.088235,-0.117647,-0.102941,-0.102941,-0.117647,-0.132353,-0.117647","-0.090909,-0.181818,-0.200000,-0.000000,-0.100000,-0.200000,-0.200000,-0.200000,-0.222222,-0.222222"
log,100,89,"-0.112360,-0.089888,-0.112360,-0.112360,-0.123596,-0.123596,-0.112360,-0.123596,-0.101124,-0.112360","-0.090909,-0.181818,-0.300000,-0.000000,-0.100000,-0.200000,-0.200000,-0.200000,-0.222222,-0.222222"
