model,dataset_size,train_size,train_mse,test_mse
log,1000,89,"-0.123596,-0.089888,-0.112360,-0.168539,-0.168539,-0.078652,-0.089888,-0.134831,-0.146067,-0.134831","-0.168317,-0.200000,-0.190000,-0.210000,-0.150000,-0.280000,-0.180000,-0.220000,-0.230000,-0.161616"
log,1000,292,"-0.126712,-0.154110,-0.188356,-0.147260,-0.154110,-0.147260,-0.171233,-0.140411,-0.178082,-0.147260","-0.118812,-0.190000,-0.180000,-0.180000,-0.160000,-0.240000,-0.180000,-0.230000,-0.110000,-0.141414"
log,1000,494,"-0.141700,-0.151822,-0.172065,-0.155870,-0.153846,-0.137652,-0.153846,-0.147773,-0.149798,-0.153846","-0.138614,-0.190000,-0.200000,-0.160000,-0.140000,-0.200000,-0.170000,-0.180000,-0.100000,-0.121212"
log,1000,696,"-0.153736,-0.140805,-0.146552,-0.143678,-0.155172,-0.135057,-0.156609,-0.137931,-0.166667,-0.170977","-0.138614,-0.190000,-0.140000,-0.190000,-0.140000,-0.230000,-0.150000,-0.180000,-0.120000,-0.141414"
log,1000,899,"-0.154616,-0.154616,-0.154616,-0.146830,-0.154616,-0.143493,-0.153504,-0.149055,-0.155729,-0.156841","-0.148515,-0.160000,-0.150000,-0.200000,-0.130000,-0.230000,-0.160000,-0.190000,-0.110000,-0.111111"
