type,tp,tn,fp,fn,precision,recall,f1
qos,50,75,17,5,0.746268656716418,0.9090909090909091,0.819672131147541
negation,0,287,0,24,0.0,0.0,0.0
path,1,637,0,0,1.0,1.0,1.0
time,2,0,0,0,1.0,1.0,1.0
synonym,0,118,0,0,0.0,0.0,0.0
hierarchy,0,3,0,2,0.0,0.0,0.0
total,53,1120,17,31,0.7571428571428571,0.6309523809523809,0.6883116883116883
