type,tp,tn,fp,fn,precision,recall,f1
qos,53,74,18,2,0.7464788732394366,0.9636363636363636,0.8412698412698413
negation,14,285,2,10,0.875,0.5833333333333334,0.7000000000000001
path,1,634,3,0,0.25,1.0,0.4
time,2,0,0,0,1.0,1.0,1.0
synonym,0,118,0,0,0.0,0.0,0.0
hierarchy,1,3,0,1,1.0,0.5,0.6666666666666666
total,71,1114,23,13,0.7553191489361702,0.8452380952380952,0.797752808988764
