dataset,model,training time,cpu usage,memory usage
100,svm,2.0054328441619873,11.500000,67.700000
100,log,2.005592107772827,81.900000,69.300000
100,forest,2.0034921169281006,13.900000,69.200000
dataset,model,training time,cpu usage,memory usage,proc cpu usage,proc memory usage
100,svm,2.009194850921631,26.100000,68.900000,0.000000,3.024769
100,log,2.0065011978149414,93.500000,69.300000,0.400000,3.033590
100,forest,2.008749008178711,20.200000,69.000000,0.000000,3.044319
