model,dataset_size,train_size,train_mse,test_mse
forest,1000,89,"-0.056180,-0.022472,-0.078652,-0.078652,-0.078652,-0.044944,-0.022472,-0.056180,-0.067416,-0.044944","-0.188119,-0.240000,-0.270000,-0.260000,-0.230000,-0.270000,-0.180000,-0.200000,-0.190000,-0.171717"
forest,1000,292,"-0.054795,-0.061644,-0.054795,-0.078767,-0.058219,-0.065068,-0.044521,-0.034247,-0.051370,-0.051370","-0.148515,-0.200000,-0.130000,-0.170000,-0.110000,-0.190000,-0.160000,-0.150000,-0.140000,-0.191919"
forest,1000,494,"-0.066802,-0.050607,-0.062753,-0.060729,-0.056680,-0.054656,-0.060729,-0.058704,-0.060729,-0.062753","-0.118812,-0.180000,-0.170000,-0.160000,-0.120000,-0.160000,-0.170000,-0.160000,-0.080000,-0.111111"
forest,1000,696,"-0.060345,-0.057471,-0.061782,-0.067529,-0.057471,-0.057471,-0.061782,-0.063218,-0.057471,-0.060345","-0.118812,-0.200000,-0.160000,-0.160000,-0.120000,-0.180000,-0.160000,-0.150000,-0.060000,-0.111111"
forest,1000,899,"-0.063404,-0.054505,-0.061179,-0.056730,-0.056730,-0.060067,-0.064516,-0.062291,-0.061179,-0.065628","-0.089109,-0.180000,-0.120000,-0.170000,-0.130000,-0.150000,-0.150000,-0.100000,-0.110000,-0.121212"
