model,dataset_size,train_size,train_mse,test_mse
log,500,44,"-0.113636,-0.113636,-0.136364,-0.159091,-0.068182,-0.022727,-0.045455,-0.045455,-0.090909,-0.022727","-0.215686,-0.176471,-0.196078,-0.080000,-0.200000,-0.240000,-0.260000,-0.306122,-0.142857,-0.326531"
log,500,145,"-0.165517,-0.151724,-0.117241,-0.151724,-0.117241,-0.124138,-0.137931,-0.110345,-0.179310,-0.110345","-0.196078,-0.117647,-0.274510,-0.080000,-0.180000,-0.080000,-0.280000,-0.224490,-0.102041,-0.244898"
log,500,246,"-0.142276,-0.146341,-0.113821,-0.154472,-0.113821,-0.146341,-0.130081,-0.142276,-0.142276,-0.142276","-0.196078,-0.078431,-0.235294,-0.080000,-0.160000,-0.080000,-0.260000,-0.244898,-0.081633,-0.285714"
log,500,347,"-0.141210,-0.161383,-0.123919,-0.161383,-0.135447,-0.155620,-0.146974,-0.152738,-0.161383,-0.152738","-0.196078,-0.058824,-0.215686,-0.080000,-0.160000,-0.080000,-0.260000,-0.244898,-0.081633,-0.306122"
log,500,449,"-0.155902,-0.162584,-0.133630,-0.162584,-0.149220,-0.151448,-0.140312,-0.140312,-0.158129,-0.131403","-0.176471,-0.058824,-0.254902,-0.080000,-0.180000,-0.080000,-0.240000,-0.244898,-0.061224,-0.265306"
